Concentration,Dan 1,Dan 2,Dan 3,Dan 4,Dan 5,Dan 6,Dan 7,Dan 8,Dan 9,Dan 10,Dan 12,Dan 14,Dan 18,Dan 22
Kontrola,0.967195147,2.22557318,3.988990222,4.639652064,4.688146422,4.995805785,5.932650958,5.983437423,6.462028445,3.752346543,5.636462527,6.687060023,9.590222599,11.95372524
Konc 6,25,0.827166211,1.467768739,2.43170111,2.925685553,3.029907835,3.314861203,3.577117797,3.753069693,4.304553342,4.870883984,5.86821315,7.676948875,10.53484193,12.74167873
Konc 12,5,0.399453379,0.754844729,1.302300097,1.565230862,1.925999784,2.127921682,2.781518467,3.075493633,3.190087308,3.894861021,4.603393455,5.644720426,6.949008193,8.523483361
Konc 25,0.46271744,0.846424102,1.394487461,1.740130873,2.023850981,2.45526186,2.87428605,3.392237916,3.807979159,4.191988393,4.801115834,6.017383454,7.965067089,9.981737329
Konc 50,0.399618552,0.793390932,1.365341097,1.78257702,1.962453011,2.405711167,3.022783277,3.331816381,3.619334853,4.114250092,4.877479594,6.103298229,8.339671937,10.70763793
